[
  {
    "baseType": 3,
    "name": "appMonServer",
    "defaultValue": "",
    "description": "format is hostname:port",
    "helpText": "",
    "isSystem": false,
    "minLength": 0,
    "maxLength": 80,
    "validationRegex": "",
    "isValidate": false
  },
  {
    "baseType": 3,
    "name": "incidentID",
    "defaultValue": "",
    "description": "",
    "helpText": "",
    "isSystem": false,
    "minLength": 0,
    "maxLength": 80,
    "validationRegex": "",
    "isValidate": false
  },
  {
    "baseType": 3,
    "name": "incidentKey",
    "defaultValue": "",
    "description": "appmon incident key",
    "helpText": "",
    "isSystem": false,
    "minLength": 0,
    "maxLength": 90,
    "validationRegex": "",
    "isValidate": false
  },
  {
    "baseType": 3,
    "name": "incidentRule",
    "defaultValue": "",
    "description": "",
    "helpText": "",
    "isSystem": false,
    "minLength": 0,
    "maxLength": 80,
    "validationRegex": "",
    "isValidate": false
  },
  {
    "baseType": 3,
    "name": "message",
    "defaultValue": "",
    "description": "",
    "helpText": "",
    "isSystem": false,
    "minLength": 0,
    "maxLength": 2000,
    "validationRegex": "",
    "isValidate": false
  },
  {
    "baseType": 3,
    "name": "passedMessage",
    "defaultValue": "",
    "description": "",
    "helpText": "",
    "isSystem": false,
    "minLength": 0,
    "maxLength": 140,
    "validationRegex": "",
    "isValidate": false
  },
  {
    "baseType": 3,
    "name": "subject",
    "defaultValue": "",
    "description": "",
    "helpText": "",
    "isSystem": false,
    "minLength": 0,
    "maxLength": 80,
    "validationRegex": "",
    "isValidate": false
  },
  {
    "baseType": 3,
    "name": "systemProfile",
    "defaultValue": "",
    "description": "",
    "helpText": "",
    "isSystem": false,
    "minLength": 0,
    "maxLength": 60,
    "validationRegex": "",
    "isValidate": false
  }
]