{
  "integrations": [
    {
      "id": "d01a4c3e-8534-4da6-acbe-4ee55b2ed7cd",
      "name": "AppMon - Handle Responses to Incident",
      "action": "RUN_SCRIPT",
      "type": "OUTBOUND_WEBHOOK",
      "triggeredBy": "RESPONSE",
      "deployed": true,
      "form": "eb14590f-375c-4c5d-98b8-e9f2cddda3d6",
      "script": "/*\n * To use functions that are defined in a shared library, import\n * the shared library using the require function. You can then\n * access the functions in the shared library. Shared library names\n * are case-sensitive.\n *\n * The following statements show how to use a function named 'myFunction'\n * that is included in a shared library named 'My Shared Library'.\n *\n * var mySharedLibrary = require('My Shared Library');\n * var message = mySharedLibrary.myFunction();\n */\n\nvar callback = JSON.parse(request.body);\nconsole.log('Executing outbound integration for xMatters event ID: ' + callback.eventIdentifier);\n\n// Convert list of event properties to an eventProperties object\nif (callback.eventProperties && Array.isArray(callback.eventProperties)) {\n    var eventProperties = callback.eventProperties;\n    callback.eventProperties = {};\n\n    for (var i = 0; i < eventProperties.length; i++) {\n        var eventProperty = eventProperties[i];\n        var key = Object.keys(eventProperty)[0];\n        callback.eventProperties[key] = eventProperty[key];\n    }\n}\n\n// Handle responses without annotations\nif (callback.annotation == \"null\") {\n    callback.annotation = null;\n}\n\nconsole.log('Processing response of ' + callback.response + ' from ' + callback.recipient);\nswitch (callback.response) {\n    case 'Confirm Incident':\n        appMonConfirmviaREST(callback.eventProperties['incidentID']);\n        break;\n    case 'Schedule New Build':\n        talkToBuildSys();\n        break;   \n    case 'Create Jira Ticket':\n        createJiraTicket();\n        break; \n}\n\n/*\n * Update AppMon's incident State property to Confirmed. The Description property could also potentially be modified\n * if greater detail was desired.\n */\n\nfunction appMonConfirmviaREST(incidentID) {\n    \n    console.log('RESPONSE IS CONFIRM INCIDENT - id is '+incidentID);\n    var req = http.request({\n        method: 'PUT',\n        endpoint: 'AppMonRobertsLaptop',\n        path: '/api/v2/alerts/'+incidentID,\n        headers: {\n            'Content-Type': 'application/json',\n            'Accept': 'application/json'\n        }\n    });\n    var payload = {\n         \"state\": \"Confirmed\",\n        \"description\": \"Confirmed from xMatters integration\"\n  };\n    req.write(payload);\n}\n\n/*\n * The next two methods are stubs for future enhancements\n */\n \nfunction createJiraTicket() {\n    console.log('RESPONISE IS CREATE JIRA TICKET');\n}\n\nfunction talkToBuildSys() {\n    console.log('RESPOBISE IS TALK TO BUILD SYSTEM');  \n}\n\n",
      "environment": "HOSTED"
    },
    {
      "id": "c41f3a48-f173-47f5-a328-ab7dbb8ab4b4",
      "name": "Inbound from AppMon",
      "action": "CREATE_EVENT",
      "type": "INBOUND_WEBHOOK",
      "deployed": true,
      "form": "eb14590f-375c-4c5d-98b8-e9f2cddda3d6",
      "script": "/*\n * To use functions that are defined in a shared library, import\n * the shared library using the require function. You can then\n * access the functions in the shared library. Shared library names\n * are case-sensitive.\n *\n * The following statements show how to use a function named 'myFunction'\n * that is included in a shared library named 'My Shared Library'.\n *\n * var mySharedLibrary = require('My Shared Library');\n * var message = mySharedLibrary.myFunction();\n */\n\nvar data;\n\n// If your data is posted as JSON\ndata = JSON.parse(request.body);\n  \n// If your data is posted as query string parameters or form post body\n// data = request.parameters;\n\n// If your data is posted as xml\n// data = JXON.parse(request.body)\n\n// Parse data from incoming payload and construct the trigger object\n// trigger.properties.Impact = data.Importance;\n// trigger.properties.Summary = data.Summary;\n// trigger.properties['Incident ID'] = data['Incident ID'];\n\ntrigger.properties.message = data.properties[0].text;\ntrigger.properties.subject = data.properties[0].subject;\ntrigger.properties.passedMessage = data.properties[0].passedMessage;\ntrigger.properties.incidentRule = data.properties[0].incidentRule;\ntrigger.properties.systemProfile = data.properties[0].systemProfile;\ntrigger.properties.incidentKey = data.properties[0].incidentKey;\ntrigger.properties.incidentID = data.properties[0].incidentID;\ntrigger.properties.appMonServer = data.properties[0].appMonServer;\n\n// Define recipients\n//var recipients = [];\n// Add a recipient targeting a user or group\n//recipients.push({\n//    'targetName': 'Operations'\n//});\n// Add a recipient targeting specific devices\n//recipients.push({\n//    'targetName': 'bsmith',\n//    'devices': ['Work Email', 'Work Phone']\n//});\n///trigger.recipients = recipients;\n\n// Post trigger to form\n form.post(trigger);",
      "environment": "HOSTED"
    }
  ],
  "endpoints": [
    {
      "name": "AppMonRobertsLaptop",
      "baseUrl": "http://62e57543.ngrok.io/",
      "type": "EXTERNAL",
      "authentication": "NO_AUTH"
    }
  ],
  "constants": []
}