{
  "integrations": [
    {
      "id": "aebbce4f-f24a-4153-a3ae-9e5fecb93135",
      "name": "AppMon - Handle Responses to Incident",
      "action": "RUN_SCRIPT",
      "type": "OUTBOUND_WEBHOOK",
      "triggeredBy": "RESPONSE",
      "deployed": true,
      "form": "97754739-02aa-4219-a54e-b9b6bc35a25b",
      "script": "\n\nvar callback = JSON.parse(request.body);\nconsole.log('Executing outbound integration for xMatters event ID: ' + callback.eventIdentifier);\n\n// Convert list of event properties to an eventProperties object\nif (callback.eventProperties && Array.isArray(callback.eventProperties)) {\n    var eventProperties = callback.eventProperties;\n    callback.eventProperties = {};\n\n    for (var i = 0; i < eventProperties.length; i++) {\n        var eventProperty = eventProperties[i];\n        var key = Object.keys(eventProperty)[0];\n        callback.eventProperties[key] = eventProperty[key];\n    }\n}\n\n// Handle responses without annotations\nif (callback.annotation == \"null\") {\n    callback.annotation = null;\n}\n\nconsole.log('Processing response of ' + callback.response + ' from ' + callback.recipient);\nswitch (callback.response) {\n    case 'Confirm Incident':\n        appMonConfirmviaREST(callback.eventProperties['incidentID']);\n        break;\n    case 'Schedule New Build':\n        talkToBuildSys();\n        break;   \n    case 'Create Jira Ticket':\n        createJiraTicket();\n        break; \n}\n\n/*\n * Update AppMon's incident State property to Confirmed. The Description property could also potentially be modified\n * if greater detail was desired.\n */\n\nfunction appMonConfirmviaREST(incidentID) {\n    \n    console.log('RESPONSE IS CONFIRM INCIDENT - id is '+incidentID);\n    var req = http.request({\n        method: 'PUT',\n        endpoint: 'AppMon',\n        path: '/api/v2/alerts/'+incidentID,\n        headers: {\n            'Content-Type': 'application/json',\n            'Accept': 'application/json'\n        }\n    });\n    var payload = {\n         \"state\": \"Confirmed\",\n        \"description\": \"Confirmed from xMatters integration\"\n  };\n    req.write(payload);\n}\n",
      "environment": "HOSTED"
    },
    {
      "id": "dd1e160b-33c8-4d87-81d8-1d5078127b9c",
      "name": "Inbound from AppMon",
      "action": "CREATE_EVENT",
      "type": "INBOUND_WEBHOOK",
      "deployed": true,
      "form": "97754739-02aa-4219-a54e-b9b6bc35a25b",
      "script": "\n\nvar data;\n\n// If your data is posted as JSON\ndata = JSON.parse(request.body);\n\n// Parse data from incoming payload and construct the trigger object\n\ntrigger.properties.message = data.properties[0].text;\ntrigger.properties.subject = data.properties[0].subject;\ntrigger.properties.passedMessage = data.properties[0].passedMessage;\ntrigger.properties.incidentRule = data.properties[0].incidentRule;\ntrigger.properties.systemProfile = data.properties[0].systemProfile;\ntrigger.properties.incidentKey = data.properties[0].incidentKey;\ntrigger.properties.incidentID = data.properties[0].incidentID;\ntrigger.properties.appMonServer = data.properties[0].appMonServer;\n\n// Post trigger to form\n form.post(trigger);",
      "environment": "HOSTED"
    }
  ],
  "endpoints": [
    {
      "name": "AppMon",
      "baseUrl": "https://APPMON_ENDPOINT",
      "type": "EXTERNAL",
      "authentication": "NO_AUTH"
    }
  ],
  "constants": []
}